UserID,Age,Gender,_Archetype
U00001,21,Male,Explorer
U00002,27,Male,Specialist
U00003,37,Female,Specialist
U00004,33,Male,Explorer
U00005,28,Male,Specialist
U00006,28,Male,Premium Upskiller
U00007,16,Male,Career-Switcher
U00008,20,Male,Casual Dabbler
U00009,16,Male,Specialist
U00010,40,Male,Casual Dabbler
U00011,19,Male,Premium Upskiller
U00012,29,Male,Casual Dabbler
U00013,31,Male,Explorer
U00014,35,Male,Explorer
U00015,37,Female,Career-Switcher
U00016,16,Male,Career-Switcher
U00017,43,Male,Premium Upskiller
U00018,21,Male,Casual Dabbler
U00019,20,Female,Premium Upskiller
U00020,38,Female,Premium Upskiller
U00021,34,Female,Specialist
U00022,34,Male,Explorer
U00023,31,Male,Explorer
U00024,24,Female,Explorer
U00025,42,Male,Casual Dabbler
U00026,39,Male,Premium Upskiller
U00027,20,Male,Explorer
U00028,18,Male,Career-Switcher
U00029,43,Female,Explorer
U00030,30,Female,Explorer
U00031,20,Male,Career-Switcher
U00032,18,Male,Explorer
U00033,16,Male,Casual Dabbler
U00034,37,Female,Career-Switcher
U00035,22,Female,Specialist
U00036,32,Female,Specialist
U00037,27,Other,Career-Switcher
U00038,30,Male,Specialist
U00039,31,Male,Casual Dabbler
U00040,31,Male,Explorer
U00041,31,Female,Casual Dabbler
U00042,40,Female,Explorer
U00043,19,Male,Premium Upskiller
U00044,29,Male,Casual Dabbler
U00045,38,Female,Career-Switcher
U00046,41,Male,Casual Dabbler
U00047,22,Female,Premium Upskiller
U00048,40,Female,Explorer
U00049,44,Male,Explorer
U00050,28,Male,Casual Dabbler
U00051,54,Female,Specialist
U00052,36,Female,Specialist
U00053,36,Male,Career-Switcher
U00054,29,Male,Specialist
U00055,16,Female,Casual Dabbler
U00056,17,Female,Specialist
U00057,23,Male,Premium Upskiller
U00058,25,Male,Explorer
U00059,31,Male,Specialist
U00060,29,Male,Premium Upskiller
U00061,28,Male,Explorer
U00062,28,Female,Casual Dabbler
U00063,20,Female,Premium Upskiller
U00064,31,Male,Explorer
U00065,16,Female,Career-Switcher
U00066,24,Male,Career-Switcher
U00067,26,Female,Specialist
U00068,22,Male,Career-Switcher
U00069,32,Female,Specialist
U00070,41,Female,Casual Dabbler
U00071,27,Male,Explorer
U00072,20,Male,Specialist
U00073,33,Male,Specialist
U00074,38,Female,Casual Dabbler
U00075,33,Male,Specialist
U00076,26,Female,Specialist
U00077,24,Male,Premium Upskiller
U00078,27,Female,Career-Switcher
U00079,29,Male,Specialist
U00080,38,Female,Premium Upskiller
U00081,33,Male,Explorer
U00082,36,Male,Specialist
U00083,36,Female,Premium Upskiller
U00084,31,Female,Career-Switcher
U00085,16,Female,Explorer
U00086,16,Male,Casual Dabbler
U00087,19,Male,Premium Upskiller
U00088,25,Female,Specialist
U00089,32,Male,Casual Dabbler
U00090,20,Female,Premium Upskiller
U00091,18,Male,Explorer
U00092,36,Male,Explorer
U00093,28,Male,Explorer
U00094,21,Female,Premium Upskiller
U00095,25,Female,Career-Switcher
U00096,32,Male,Career-Switcher
U00097,34,Female,Explorer
U00098,17,Female,Explorer
U00099,33,Female,Casual Dabbler
U00100,35,Female,Casual Dabbler
U00101,39,Male,Specialist
U00102,35,Male,Career-Switcher
U00103,35,Female,Premium Upskiller
U00104,25,Male,Specialist
U00105,31,Female,Explorer
U00106,35,Male,Casual Dabbler
U00107,40,Female,Specialist
U00108,20,Female,Premium Upskiller
U00109,26,Male,Explorer
U00110,31,Female,Specialist
U00111,33,Female,Explorer
U00112,16,Male,Premium Upskiller
U00113,37,Other,Career-Switcher
U00114,24,Male,Specialist
U00115,28,Female,Specialist
U00116,35,Female,Career-Switcher
U00117,36,Male,Specialist
U00118,22,Male,Career-Switcher
U00119,33,Female,Premium Upskiller
U00120,19,Female,Premium Upskiller
U00121,48,Male,Casual Dabbler
U00122,30,Male,Specialist
U00123,32,Male,Specialist
U00124,25,Female,Explorer
U00125,28,Male,Explorer
U00126,40,Male,Casual Dabbler
U00127,20,Male,Casual Dabbler
U00128,21,Male,Premium Upskiller
U00129,51,Female,Specialist
U00130,30,Male,Premium Upskiller
U00131,29,Female,Casual Dabbler
U00132,17,Female,Casual Dabbler
U00133,26,Female,Explorer
U00134,35,Female,Career-Switcher
U00135,38,Male,Premium Upskiller
U00136,36,Male,Casual Dabbler
U00137,33,Male,Career-Switcher
U00138,20,Female,Casual Dabbler
U00139,22,Male,Casual Dabbler
U00140,40,Female,Specialist
U00141,27,Male,Career-Switcher
U00142,38,Male,Premium Upskiller
U00143,21,Male,Career-Switcher
U00144,23,Female,Explorer
U00145,26,Female,Explorer
U00146,27,Female,Explorer
U00147,26,Female,Casual Dabbler
U00148,27,Female,Explorer
U00149,29,Male,Specialist
U00150,42,Male,Casual Dabbler
U00151,24,Female,Explorer
U00152,32,Male,Explorer
U00153,37,Male,Explorer
U00154,31,Female,Premium Upskiller
U00155,29,Female,Career-Switcher
U00156,16,Male,Premium Upskiller
U00157,26,Male,Specialist
U00158,21,Female,Casual Dabbler
U00159,43,Male,Casual Dabbler
U00160,19,Male,Explorer
U00161,21,Female,Specialist
U00162,22,Male,Casual Dabbler
U00163,32,Male,Specialist
U00164,22,Male,Career-Switcher
U00165,17,Female,Explorer
U00166,33,Female,Casual Dabbler
U00167,37,Female,Career-Switcher
U00168,44,Female,Explorer
U00169,21,Male,Explorer
U00170,18,Male,Explorer
U00171,28,Female,Explorer
U00172,23,Male,Specialist
U00173,31,Female,Specialist
U00174,27,Female,Explorer
U00175,17,Male,Explorer
U00176,19,Female,Career-Switcher
U00177,39,Female,Casual Dabbler
U00178,21,Male,Premium Upskiller
U00179,24,Female,Specialist
U00180,24,Other,Casual Dabbler
U00181,29,Male,Career-Switcher
U00182,29,Male,Career-Switcher
U00183,41,Female,Explorer
U00184,42,Male,Career-Switcher
U00185,29,Female,Specialist
U00186,27,Male,Premium Upskiller
U00187,41,Male,Career-Switcher
U00188,23,Male,Casual Dabbler
U00189,28,Male,Specialist
U00190,36,Male,Explorer
U00191,25,Female,Explorer
U00192,22,Female,Specialist
U00193,33,Male,Career-Switcher
U00194,26,Female,Premium Upskiller
U00195,29,Male,Career-Switcher
U00196,31,Male,Casual Dabbler
U00197,16,Male,Casual Dabbler
U00198,29,Female,Career-Switcher
U00199,28,Male,Specialist
U00200,30,Male,Career-Switcher
U00201,16,Female,Casual Dabbler
U00202,16,Female,Premium Upskiller
U00203,21,Female,Explorer
U00204,16,Female,Specialist
U00205,26,Other,Career-Switcher
U00206,38,Male,Career-Switcher
U00207,19,Female,Specialist
U00208,32,Male,Casual Dabbler
U00209,27,Female,Premium Upskiller
U00210,38,Male,Career-Switcher
U00211,28,Female,Casual Dabbler
U00212,36,Female,Explorer
U00213,28,Male,Explorer
U00214,20,Female,Specialist
U00215,32,Other,Specialist
U00216,34,Female,Explorer
U00217,22,Male,Career-Switcher
U00218,24,Other,Explorer
U00219,31,Female,Premium Upskiller
U00220,28,Male,Specialist
U00221,18,Male,Premium Upskiller
U00222,44,Male,Explorer
U00223,24,Female,Career-Switcher
U00224,25,Male,Specialist
U00225,35,Male,Premium Upskiller
U00226,19,Male,Specialist
U00227,36,Female,Premium Upskiller
U00228,32,Female,Premium Upskiller
U00229,31,Female,Explorer
U00230,31,Other,Career-Switcher
U00231,16,Male,Casual Dabbler
U00232,16,Male,Specialist
U00233,20,Female,Explorer
U00234,23,Female,Career-Switcher
U00235,32,Male,Explorer
U00236,33,Male,Premium Upskiller
U00237,17,Male,Premium Upskiller
U00238,27,Male,Explorer
U00239,34,Female,Explorer
U00240,28,Male,Career-Switcher
U00241,46,Female,Casual Dabbler
U00242,39,Male,Premium Upskiller
U00243,36,Female,Specialist
U00244,27,Female,Specialist
U00245,40,Female,Explorer
U00246,35,Male,Casual Dabbler
U00247,34,Female,Casual Dabbler
U00248,22,Male,Explorer
U00249,28,Male,Career-Switcher
U00250,19,Male,Premium Upskiller
U00251,31,Female,Specialist
U00252,27,Male,Specialist
U00253,41,Female,Premium Upskiller
U00254,26,Female,Career-Switcher
U00255,25,Male,Casual Dabbler
U00256,47,Female,Career-Switcher
U00257,31,Female,Specialist
U00258,22,Male,Premium Upskiller
U00259,29,Female,Casual Dabbler
U00260,17,Female,Career-Switcher
U00261,38,Female,Explorer
U00262,27,Male,Casual Dabbler
U00263,17,Male,Explorer
U00264,32,Female,Explorer
U00265,31,Female,Premium Upskiller
U00266,36,Male,Explorer
U00267,30,Male,Explorer
U00268,24,Female,Explorer
U00269,20,Female,Explorer
U00270,34,Male,Casual Dabbler
U00271,24,Male,Casual Dabbler
U00272,27,Male,Explorer
U00273,28,Male,Specialist
U00274,29,Male,Specialist
U00275,16,Male,Specialist
U00276,23,Male,Casual Dabbler
U00277,16,Other,Casual Dabbler
U00278,27,Female,Career-Switcher
U00279,37,Male,Casual Dabbler
U00280,16,Male,Explorer
U00281,31,Female,Specialist
U00282,45,Male,Casual Dabbler
U00283,16,Other,Casual Dabbler
U00284,26,Male,Premium Upskiller
U00285,28,Female,Specialist
U00286,16,Female,Premium Upskiller
U00287,32,Male,Specialist
U00288,24,Male,Explorer
U00289,23,Male,Casual Dabbler
U00290,35,Male,Explorer
U00291,30,Female,Premium Upskiller
U00292,21,Male,Casual Dabbler
U00293,30,Male,Premium Upskiller
U00294,29,Female,Specialist
U00295,28,Female,Casual Dabbler
U00296,29,Female,Explorer
U00297,31,Male,Premium Upskiller
U00298,33,Male,Career-Switcher
U00299,16,Male,Specialist
U00300,21,Male,Explorer
U00301,17,Female,Career-Switcher
U00302,32,Male,Casual Dabbler
U00303,30,Male,Specialist
U00304,28,Male,Casual Dabbler
U00305,17,Male,Career-Switcher
U00306,33,Female,Career-Switcher
U00307,25,Male,Premium Upskiller
U00308,28,Male,Specialist
U00309,33,Male,Premium Upskiller
U00310,31,Male,Casual Dabbler
U00311,29,Female,Explorer
U00312,30,Female,Explorer
U00313,41,Male,Casual Dabbler
U00314,19,Female,Premium Upskiller
U00315,28,Female,Casual Dabbler
U00316,16,Male,Premium Upskiller
U00317,27,Female,Premium Upskiller
U00318,16,Male,Casual Dabbler
U00319,29,Male,Specialist
U00320,27,Female,Career-Switcher
U00321,39,Female,Premium Upskiller
U00322,27,Male,Casual Dabbler
U00323,16,Female,Casual Dabbler
U00324,48,Male,Premium Upskiller
U00325,43,Other,Career-Switcher
U00326,30,Female,Explorer
U00327,23,Male,Specialist
U00328,30,Male,Premium Upskiller
U00329,16,Female,Casual Dabbler
U00330,23,Male,Casual Dabbler
U00331,20,Female,Specialist
U00332,23,Male,Career-Switcher
U00333,30,Male,Premium Upskiller
U00334,24,Female,Premium Upskiller
U00335,17,Female,Specialist
U00336,19,Female,Premium Upskiller
U00337,47,Male,Casual Dabbler
U00338,19,Female,Explorer
U00339,16,Female,Career-Switcher
U00340,25,Female,Career-Switcher
U00341,27,Female,Explorer
U00342,34,Male,Specialist
U00343,30,Female,Premium Upskiller
U00344,33,Male,Specialist
U00345,17,Male,Explorer
U00346,38,Male,Premium Upskiller
U00347,24,Female,Casual Dabbler
U00348,28,Female,Career-Switcher
U00349,17,Male,Career-Switcher
U00350,18,Male,Specialist
U00351,29,Male,Casual Dabbler
U00352,33,Male,Specialist
U00353,22,Male,Casual Dabbler
U00354,25,Male,Casual Dabbler
U00355,24,Male,Casual Dabbler
U00356,37,Female,Career-Switcher
U00357,47,Female,Career-Switcher
U00358,19,Female,Explorer
U00359,20,Male,Casual Dabbler
U00360,19,Male,Specialist
U00361,51,Male,Career-Switcher
U00362,25,Female,Casual Dabbler
U00363,42,Female,Career-Switcher
U00364,18,Female,Premium Upskiller
U00365,40,Male,Career-Switcher
U00366,16,Female,Career-Switcher
U00367,38,Female,Career-Switcher
U00368,31,Male,Career-Switcher
U00369,28,Male,Explorer
U00370,16,Male,Casual Dabbler
U00371,27,Female,Career-Switcher
U00372,28,Male,Explorer
U00373,25,Female,Casual Dabbler
U00374,32,Male,Specialist
U00375,36,Other,Casual Dabbler
U00376,31,Male,Specialist
U00377,25,Other,Specialist
U00378,32,Female,Premium Upskiller
U00379,35,Male,Premium Upskiller
U00380,21,Male,Career-Switcher
U00381,41,Other,Specialist
U00382,34,Male,Premium Upskiller
U00383,32,Female,Specialist
U00384,30,Male,Career-Switcher
U00385,21,Male,Casual Dabbler
U00386,36,Female,Explorer
U00387,16,Female,Career-Switcher
U00388,25,Male,Career-Switcher
U00389,30,Male,Explorer
U00390,32,Female,Explorer
U00391,37,Male,Explorer
U00392,34,Male,Career-Switcher
U00393,37,Female,Explorer
U00394,27,Female,Explorer
U00395,30,Male,Career-Switcher
U00396,24,Female,Casual Dabbler
U00397,16,Male,Premium Upskiller
U00398,40,Male,Career-Switcher
U00399,40,Female,Explorer
U00400,16,Female,Explorer
U00401,30,Female,Career-Switcher
U00402,37,Male,Casual Dabbler
U00403,16,Male,Career-Switcher
U00404,16,Male,Specialist
U00405,20,Female,Explorer
U00406,33,Male,Explorer
U00407,19,Male,Premium Upskiller
U00408,25,Female,Casual Dabbler
U00409,33,Male,Premium Upskiller
U00410,38,Female,Casual Dabbler
U00411,37,Male,Specialist
U00412,20,Female,Casual Dabbler
U00413,38,Male,Casual Dabbler
U00414,24,Female,Specialist
U00415,34,Male,Specialist
U00416,22,Female,Career-Switcher
U00417,41,Male,Explorer
U00418,23,Female,Premium Upskiller
U00419,29,Female,Premium Upskiller
U00420,25,Male,Premium Upskiller
U00421,21,Male,Casual Dabbler
U00422,29,Male,Career-Switcher
U00423,23,Female,Specialist
U00424,36,Female,Casual Dabbler
U00425,24,Female,Casual Dabbler
U00426,26,Male,Career-Switcher
U00427,32,Male,Casual Dabbler
U00428,25,Male,Explorer
U00429,26,Male,Career-Switcher
U00430,18,Female,Career-Switcher
U00431,30,Male,Explorer
U00432,30,Female,Career-Switcher
U00433,26,Female,Specialist
U00434,30,Male,Explorer
U00435,18,Female,Specialist
U00436,30,Female,Premium Upskiller
U00437,32,Female,Casual Dabbler
U00438,24,Other,Career-Switcher
U00439,23,Female,Explorer
U00440,17,Other,Explorer
U00441,20,Female,Explorer
U00442,18,Other,Specialist
U00443,28,Female,Career-Switcher
U00444,28,Male,Specialist
U00445,32,Male,Specialist
U00446,30,Male,Premium Upskiller
U00447,17,Male,Premium Upskiller
U00448,30,Female,Premium Upskiller
U00449,25,Male,Premium Upskiller
U00450,29,Male,Explorer
U00451,36,Female,Casual Dabbler
U00452,36,Male,Specialist
U00453,22,Male,Casual Dabbler
U00454,34,Male,Premium Upskiller
U00455,20,Male,Premium Upskiller
U00456,38,Male,Career-Switcher
U00457,29,Female,Casual Dabbler
U00458,16,Female,Premium Upskiller
U00459,17,Male,Casual Dabbler
U00460,32,Female,Explorer
U00461,36,Male,Explorer
U00462,27,Male,Premium Upskiller
U00463,16,Male,Explorer
U00464,24,Male,Explorer
U00465,29,Male,Specialist
U00466,32,Male,Specialist
U00467,30,Other,Explorer
U00468,28,Female,Premium Upskiller
U00469,32,Female,Specialist
U00470,30,Male,Casual Dabbler
U00471,35,Male,Casual Dabbler
U00472,16,Other,Premium Upskiller
U00473,16,Female,Casual Dabbler
U00474,26,Female,Explorer
U00475,20,Male,Career-Switcher
U00476,32,Male,Specialist
U00477,30,Male,Career-Switcher
U00478,29,Male,Specialist
U00479,35,Male,Premium Upskiller
U00480,22,Male,Career-Switcher
U00481,30,Male,Career-Switcher
U00482,32,Female,Career-Switcher
U00483,47,Female,Specialist
U00484,22,Male,Premium Upskiller
U00485,35,Female,Career-Switcher
U00486,28,Female,Career-Switcher
U00487,32,Female,Explorer
U00488,21,Female,Explorer
U00489,30,Male,Explorer
U00490,22,Female,Casual Dabbler
U00491,33,Male,Premium Upskiller
U00492,34,Male,Career-Switcher
U00493,21,Other,Explorer
U00494,39,Male,Career-Switcher
U00495,38,Male,Premium Upskiller
U00496,23,Male,Premium Upskiller
U00497,20,Male,Specialist
U00498,31,Male,Explorer
U00499,33,Male,Casual Dabbler
U00500,45,Female,Casual Dabbler
U00501,20,Female,Explorer
U00502,28,Male,Premium Upskiller
U00503,33,Male,Specialist
U00504,21,Male,Explorer
U00505,16,Male,Specialist
U00506,27,Male,Career-Switcher
U00507,27,Male,Career-Switcher
U00508,37,Female,Career-Switcher
U00509,32,Male,Premium Upskiller
U00510,35,Other,Specialist
U00511,43,Female,Career-Switcher
U00512,29,Male,Explorer
U00513,17,Female,Casual Dabbler
U00514,29,Female,Career-Switcher
U00515,30,Female,Premium Upskiller
U00516,46,Female,Explorer
U00517,20,Male,Specialist
U00518,21,Male,Casual Dabbler
U00519,28,Male,Premium Upskiller
U00520,38,Female,Specialist
U00521,36,Male,Career-Switcher
U00522,16,Male,Explorer
U00523,38,Female,Explorer
U00524,34,Male,Casual Dabbler
U00525,19,Female,Specialist
U00526,37,Female,Specialist
U00527,22,Male,Premium Upskiller
U00528,32,Male,Explorer
U00529,27,Male,Explorer
U00530,32,Male,Premium Upskiller
U00531,36,Male,Specialist
U00532,18,Male,Premium Upskiller
U00533,16,Female,Career-Switcher
U00534,37,Male,Specialist
U00535,31,Female,Specialist
U00536,36,Male,Specialist
U00537,38,Female,Explorer
U00538,38,Male,Specialist
U00539,22,Male,Premium Upskiller
U00540,25,Female,Explorer
U00541,25,Male,Specialist
U00542,44,Male,Casual Dabbler
U00543,31,Female,Premium Upskiller
U00544,39,Female,Explorer
U00545,31,Male,Casual Dabbler
U00546,46,Female,Specialist
U00547,39,Male,Career-Switcher
U00548,16,Male,Specialist
U00549,40,Male,Premium Upskiller
U00550,21,Male,Casual Dabbler
U00551,28,Male,Explorer
U00552,51,Male,Casual Dabbler
U00553,35,Female,Casual Dabbler
U00554,16,Male,Casual Dabbler
U00555,21,Male,Career-Switcher
U00556,41,Female,Explorer
U00557,33,Female,Career-Switcher
U00558,19,Male,Premium Upskiller
U00559,31,Male,Career-Switcher
U00560,41,Other,Premium Upskiller
U00561,32,Male,Specialist
U00562,37,Female,Explorer
U00563,35,Male,Explorer
U00564,28,Male,Explorer
U00565,16,Male,Premium Upskiller
U00566,29,Female,Casual Dabbler
U00567,35,Female,Casual Dabbler
U00568,34,Female,Specialist
U00569,34,Male,Career-Switcher
U00570,16,Male,Casual Dabbler
U00571,31,Male,Explorer
U00572,25,Male,Career-Switcher
U00573,33,Female,Career-Switcher
U00574,31,Female,Casual Dabbler
U00575,33,Female,Career-Switcher
U00576,31,Female,Explorer
U00577,24,Male,Premium Upskiller
U00578,16,Female,Career-Switcher
U00579,39,Female,Casual Dabbler
U00580,33,Female,Specialist
U00581,26,Male,Casual Dabbler
U00582,29,Male,Explorer
U00583,24,Male,Specialist
U00584,16,Male,Specialist
U00585,29,Female,Casual Dabbler
U00586,21,Male,Casual Dabbler
U00587,27,Female,Explorer
U00588,21,Male,Career-Switcher
U00589,49,Male,Casual Dabbler
U00590,35,Female,Casual Dabbler
U00591,25,Female,Specialist
U00592,25,Female,Premium Upskiller
U00593,24,Male,Career-Switcher
U00594,18,Female,Explorer
U00595,19,Female,Explorer
U00596,25,Female,Explorer
U00597,29,Female,Specialist
U00598,31,Female,Explorer
U00599,29,Female,Casual Dabbler
U00600,35,Male,Career-Switcher
U00601,21,Female,Premium Upskiller
U00602,28,Male,Specialist
U00603,35,Male,Career-Switcher
U00604,30,Male,Specialist
U00605,23,Male,Premium Upskiller
U00606,37,Male,Specialist
U00607,16,Male,Casual Dabbler
U00608,33,Male,Casual Dabbler
U00609,32,Female,Career-Switcher
U00610,41,Male,Casual Dabbler
U00611,26,Male,Career-Switcher
U00612,30,Other,Explorer
U00613,24,Female,Explorer
U00614,33,Female,Casual Dabbler
U00615,43,Male,Casual Dabbler
U00616,27,Female,Premium Upskiller
U00617,34,Male,Explorer
U00618,37,Male,Career-Switcher
U00619,33,Female,Career-Switcher
U00620,27,Male,Premium Upskiller
U00621,22,Male,Specialist
U00622,34,Female,Specialist
U00623,26,Male,Specialist
U00624,25,Male,Casual Dabbler
U00625,16,Female,Career-Switcher
U00626,28,Female,Specialist
U00627,32,Male,Career-Switcher
U00628,35,Female,Career-Switcher
U00629,31,Female,Casual Dabbler
U00630,42,Female,Premium Upskiller
U00631,30,Female,Career-Switcher
U00632,32,Male,Specialist
U00633,40,Female,Explorer
U00634,32,Male,Career-Switcher
U00635,39,Female,Career-Switcher
U00636,36,Female,Explorer
U00637,32,Male,Career-Switcher
U00638,40,Female,Premium Upskiller
U00639,22,Other,Casual Dabbler
U00640,34,Female,Specialist
U00641,38,Male,Career-Switcher
U00642,37,Male,Career-Switcher
U00643,28,Male,Casual Dabbler
U00644,21,Female,Specialist
U00645,35,Female,Premium Upskiller
U00646,35,Male,Career-Switcher
U00647,16,Female,Specialist
U00648,36,Female,Career-Switcher
U00649,23,Female,Casual Dabbler
U00650,30,Female,Premium Upskiller
U00651,39,Male,Specialist
U00652,28,Male,Casual Dabbler
U00653,28,Female,Premium Upskiller
U00654,38,Male,Premium Upskiller
U00655,34,Female,Specialist
U00656,28,Female,Career-Switcher
U00657,40,Female,Casual Dabbler
U00658,24,Female,Specialist
U00659,20,Male,Premium Upskiller
U00660,39,Male,Explorer
U00661,24,Male,Career-Switcher
U00662,27,Female,Career-Switcher
U00663,23,Male,Specialist
U00664,25,Male,Casual Dabbler
U00665,26,Male,Specialist
U00666,34,Male,Specialist
U00667,32,Male,Specialist
U00668,41,Female,Career-Switcher
U00669,32,Male,Explorer
U00670,36,Female,Casual Dabbler
U00671,30,Male,Explorer
U00672,39,Female,Explorer
U00673,20,Female,Casual Dabbler
U00674,40,Female,Casual Dabbler
U00675,30,Female,Casual Dabbler
U00676,35,Male,Premium Upskiller
U00677,38,Male,Explorer
U00678,32,Other,Casual Dabbler
U00679,28,Female,Explorer
U00680,28,Male,Explorer
U00681,29,Male,Casual Dabbler
U00682,37,Male,Explorer
U00683,39,Male,Career-Switcher
U00684,24,Female,Casual Dabbler
U00685,27,Female,Premium Upskiller
U00686,19,Other,Explorer
U00687,25,Female,Casual Dabbler
U00688,21,Female,Specialist
U00689,40,Male,Premium Upskiller
U00690,22,Male,Career-Switcher
U00691,38,Male,Specialist
U00692,27,Female,Explorer
U00693,32,Male,Casual Dabbler
U00694,29,Female,Career-Switcher
U00695,34,Male,Specialist
U00696,35,Female,Casual Dabbler
U00697,24,Male,Premium Upskiller
U00698,23,Female,Explorer
U00699,35,Male,Specialist
U00700,33,Female,Casual Dabbler
U00701,25,Male,Casual Dabbler
U00702,25,Male,Explorer
U00703,41,Male,Specialist
U00704,37,Male,Career-Switcher
U00705,29,Male,Casual Dabbler
U00706,25,Male,Specialist
U00707,22,Female,Casual Dabbler
U00708,34,Male,Specialist
U00709,33,Male,Career-Switcher
U00710,36,Male,Specialist
U00711,22,Male,Career-Switcher
U00712,16,Male,Career-Switcher
U00713,24,Male,Specialist
U00714,25,Female,Specialist
U00715,24,Male,Explorer
U00716,35,Female,Career-Switcher
U00717,31,Female,Specialist
U00718,29,Male,Explorer
U00719,44,Female,Premium Upskiller
U00720,21,Other,Premium Upskiller
U00721,21,Male,Explorer
U00722,33,Male,Specialist
U00723,29,Female,Premium Upskiller
U00724,33,Female,Premium Upskiller
U00725,20,Male,Career-Switcher
U00726,35,Male,Career-Switcher
U00727,40,Female,Explorer
U00728,22,Other,Explorer
U00729,30,Female,Explorer
U00730,17,Female,Explorer
U00731,53,Female,Career-Switcher
U00732,33,Female,Career-Switcher
U00733,33,Male,Premium Upskiller
U00734,20,Male,Specialist
U00735,16,Male,Explorer
U00736,22,Male,Casual Dabbler
U00737,36,Female,Specialist
U00738,28,Male,Premium Upskiller
U00739,30,Female,Casual Dabbler
U00740,22,Male,Career-Switcher
U00741,23,Female,Explorer
U00742,36,Male,Explorer
U00743,35,Male,Career-Switcher
U00744,37,Male,Career-Switcher
U00745,29,Female,Casual Dabbler
U00746,19,Female,Career-Switcher
U00747,44,Female,Casual Dabbler
U00748,31,Male,Career-Switcher
U00749,43,Male,Career-Switcher
U00750,23,Male,Explorer
U00751,23,Female,Career-Switcher
U00752,35,Female,Specialist
U00753,26,Male,Career-Switcher
U00754,38,Female,Premium Upskiller
U00755,16,Female,Career-Switcher
U00756,25,Female,Explorer
U00757,39,Female,Explorer
U00758,27,Female,Specialist
U00759,32,Female,Casual Dabbler
U00760,19,Male,Premium Upskiller
U00761,26,Female,Specialist
U00762,20,Male,Career-Switcher
U00763,30,Female,Explorer
U00764,28,Female,Career-Switcher
U00765,29,Male,Explorer
U00766,23,Female,Premium Upskiller
U00767,37,Female,Explorer
U00768,24,Female,Specialist
U00769,22,Female,Career-Switcher
U00770,47,Female,Premium Upskiller
U00771,27,Female,Explorer
U00772,25,Male,Career-Switcher
U00773,30,Female,Explorer
U00774,42,Female,Career-Switcher
U00775,25,Male,Specialist
U00776,47,Male,Explorer
U00777,38,Female,Explorer
U00778,16,Female,Casual Dabbler
U00779,16,Female,Specialist
U00780,34,Male,Specialist
U00781,25,Female,Casual Dabbler
U00782,24,Male,Specialist
U00783,32,Female,Career-Switcher
U00784,16,Female,Premium Upskiller
U00785,32,Male,Career-Switcher
U00786,29,Female,Specialist
U00787,22,Female,Explorer
U00788,33,Male,Casual Dabbler
U00789,37,Female,Casual Dabbler
U00790,28,Female,Specialist
U00791,39,Female,Casual Dabbler
U00792,25,Male,Explorer
U00793,32,Male,Specialist
U00794,40,Male,Specialist
U00795,21,Male,Explorer
U00796,19,Male,Casual Dabbler
U00797,23,Male,Premium Upskiller
U00798,30,Female,Casual Dabbler
U00799,26,Male,Explorer
U00800,32,Other,Specialist
U00801,35,Female,Explorer
U00802,35,Female,Casual Dabbler
U00803,28,Female,Explorer
U00804,37,Male,Specialist
U00805,30,Male,Specialist
U00806,34,Other,Premium Upskiller
U00807,30,Female,Premium Upskiller
U00808,23,Male,Career-Switcher
U00809,43,Female,Explorer
U00810,23,Female,Premium Upskiller
U00811,20,Male,Premium Upskiller
U00812,37,Male,Premium Upskiller
U00813,35,Male,Career-Switcher
U00814,22,Male,Career-Switcher
U00815,41,Female,Explorer
U00816,34,Male,Explorer
U00817,22,Female,Explorer
U00818,30,Female,Casual Dabbler
U00819,30,Female,Explorer
U00820,32,Female,Casual Dabbler
U00821,34,Male,Casual Dabbler
U00822,24,Male,Explorer
U00823,39,Female,Explorer
U00824,44,Male,Casual Dabbler
U00825,22,Male,Casual Dabbler
U00826,25,Male,Specialist
U00827,28,Female,Casual Dabbler
U00828,31,Female,Explorer
U00829,27,Male,Explorer
U00830,50,Male,Specialist
U00831,23,Male,Explorer
U00832,33,Male,Premium Upskiller
U00833,31,Female,Specialist
U00834,21,Male,Premium Upskiller
U00835,34,Female,Career-Switcher
U00836,35,Other,Premium Upskiller
U00837,30,Male,Career-Switcher
U00838,21,Male,Explorer
U00839,33,Male,Specialist
U00840,21,Male,Explorer
U00841,18,Male,Career-Switcher
U00842,29,Female,Explorer
U00843,37,Female,Explorer
U00844,37,Female,Casual Dabbler
U00845,38,Female,Casual Dabbler
U00846,32,Female,Specialist
U00847,31,Male,Explorer
U00848,29,Female,Explorer
U00849,20,Male,Specialist
U00850,18,Female,Specialist
U00851,37,Female,Career-Switcher
U00852,16,Male,Casual Dabbler
U00853,24,Male,Explorer
U00854,33,Male,Specialist
U00855,41,Male,Explorer
U00856,25,Female,Premium Upskiller
U00857,34,Male,Career-Switcher
U00858,37,Male,Casual Dabbler
U00859,31,Male,Specialist
U00860,22,Female,Casual Dabbler
U00861,30,Female,Casual Dabbler
U00862,17,Female,Career-Switcher
U00863,31,Male,Specialist
U00864,21,Female,Specialist
U00865,20,Female,Premium Upskiller
U00866,25,Male,Specialist
U00867,28,Female,Explorer
U00868,37,Female,Casual Dabbler
U00869,25,Male,Specialist
U00870,36,Male,Explorer
U00871,25,Male,Specialist
U00872,24,Male,Casual Dabbler
U00873,37,Female,Specialist
U00874,25,Female,Specialist
U00875,31,Male,Casual Dabbler
U00876,24,Female,Premium Upskiller
U00877,28,Male,Explorer
U00878,33,Male,Explorer
U00879,36,Female,Premium Upskiller
U00880,32,Male,Premium Upskiller
U00881,25,Female,Casual Dabbler
U00882,27,Male,Specialist
U00883,35,Male,Casual Dabbler
U00884,38,Male,Casual Dabbler
U00885,26,Female,Explorer
U00886,36,Female,Explorer
U00887,29,Female,Premium Upskiller
U00888,29,Male,Career-Switcher
U00889,25,Male,Explorer
U00890,27,Male,Career-Switcher
U00891,16,Female,Specialist
U00892,42,Female,Explorer
U00893,27,Male,Specialist
U00894,33,Male,Explorer
U00895,32,Female,Premium Upskiller
U00896,26,Other,Career-Switcher
U00897,39,Female,Specialist
U00898,30,Male,Specialist
U00899,30,Male,Career-Switcher
U00900,18,Female,Explorer
U00901,31,Female,Specialist
U00902,16,Female,Specialist
U00903,28,Male,Career-Switcher
U00904,26,Female,Premium Upskiller
U00905,30,Female,Premium Upskiller
U00906,23,Male,Career-Switcher
U00907,28,Female,Specialist
U00908,24,Male,Career-Switcher
U00909,22,Male,Premium Upskiller
U00910,33,Female,Career-Switcher
U00911,16,Female,Specialist
U00912,35,Male,Premium Upskiller
U00913,16,Female,Casual Dabbler
U00914,42,Male,Casual Dabbler
U00915,16,Male,Career-Switcher
U00916,16,Male,Premium Upskiller
U00917,20,Female,Casual Dabbler
U00918,36,Male,Specialist
U00919,29,Female,Career-Switcher
U00920,21,Male,Casual Dabbler
U00921,32,Male,Casual Dabbler
U00922,35,Other,Premium Upskiller
U00923,26,Female,Premium Upskiller
U00924,33,Female,Career-Switcher
U00925,26,Female,Casual Dabbler
U00926,29,Male,Explorer
U00927,37,Male,Specialist
U00928,36,Male,Casual Dabbler
U00929,16,Male,Explorer
U00930,34,Male,Casual Dabbler
U00931,30,Male,Career-Switcher
U00932,35,Female,Premium Upskiller
U00933,18,Male,Specialist
U00934,45,Male,Career-Switcher
U00935,40,Female,Premium Upskiller
U00936,26,Male,Specialist
U00937,18,Female,Casual Dabbler
U00938,27,Female,Career-Switcher
U00939,25,Male,Career-Switcher
U00940,39,Female,Premium Upskiller
U00941,34,Male,Career-Switcher
U00942,27,Male,Casual Dabbler
U00943,26,Male,Career-Switcher
U00944,28,Female,Casual Dabbler
U00945,27,Female,Explorer
U00946,39,Female,Specialist
U00947,30,Male,Casual Dabbler
U00948,32,Female,Casual Dabbler
U00949,33,Male,Specialist
U00950,37,Female,Explorer
U00951,31,Male,Premium Upskiller
U00952,28,Male,Specialist
U00953,23,Male,Specialist
U00954,16,Male,Explorer
U00955,32,Male,Specialist
U00956,28,Female,Career-Switcher
U00957,39,Male,Casual Dabbler
U00958,18,Female,Specialist
U00959,35,Female,Specialist
U00960,31,Female,Casual Dabbler
U00961,26,Male,Casual Dabbler
U00962,37,Female,Explorer
U00963,23,Male,Specialist
U00964,16,Female,Casual Dabbler
U00965,27,Male,Career-Switcher
U00966,22,Male,Casual Dabbler
U00967,18,Male,Casual Dabbler
U00968,42,Male,Specialist
U00969,32,Male,Explorer
U00970,35,Male,Specialist
U00971,28,Male,Specialist
U00972,31,Female,Explorer
U00973,18,Male,Casual Dabbler
U00974,29,Male,Explorer
U00975,45,Female,Career-Switcher
U00976,22,Female,Specialist
U00977,39,Female,Premium Upskiller
U00978,25,Female,Specialist
U00979,24,Male,Explorer
U00980,36,Male,Explorer
U00981,40,Male,Premium Upskiller
U00982,16,Male,Explorer
U00983,28,Male,Career-Switcher
U00984,24,Male,Specialist
U00985,30,Male,Specialist
U00986,38,Male,Career-Switcher
U00987,26,Female,Explorer
U00988,21,Female,Specialist
U00989,45,Female,Casual Dabbler
U00990,38,Female,Premium Upskiller
U00991,38,Male,Casual Dabbler
U00992,27,Female,Career-Switcher
U00993,39,Female,Specialist
U00994,16,Female,Premium Upskiller
U00995,23,Female,Casual Dabbler
U00996,40,Male,Career-Switcher
U00997,29,Female,Premium Upskiller
U00998,35,Male,Casual Dabbler
U00999,31,Male,Explorer
U01000,21,Male,Explorer
U01001,32,Male,Premium Upskiller
U01002,27,Male,Explorer
U01003,20,Male,Casual Dabbler
U01004,32,Female,Specialist
U01005,16,Male,Explorer
U01006,20,Male,Explorer
U01007,29,Male,Casual Dabbler
U01008,30,Female,Casual Dabbler
U01009,31,Female,Premium Upskiller
U01010,50,Female,Casual Dabbler
U01011,28,Female,Explorer
U01012,39,Female,Explorer
U01013,27,Female,Specialist
U01014,28,Male,Premium Upskiller
U01015,22,Male,Casual Dabbler
U01016,27,Female,Explorer
U01017,26,Female,Casual Dabbler
U01018,27,Male,Specialist
U01019,22,Male,Explorer
U01020,32,Female,Explorer
U01021,34,Female,Career-Switcher
U01022,28,Female,Career-Switcher
U01023,34,Male,Explorer
U01024,23,Female,Specialist
U01025,26,Female,Casual Dabbler
U01026,25,Female,Career-Switcher
U01027,25,Male,Career-Switcher
U01028,16,Male,Premium Upskiller
U01029,26,Male,Career-Switcher
U01030,23,Female,Specialist
U01031,23,Male,Explorer
U01032,27,Female,Casual Dabbler
U01033,27,Female,Career-Switcher
U01034,16,Male,Casual Dabbler
U01035,31,Male,Specialist
U01036,38,Male,Specialist
U01037,36,Female,Casual Dabbler
U01038,18,Male,Explorer
U01039,37,Female,Casual Dabbler
U01040,32,Male,Specialist
U01041,32,Male,Career-Switcher
U01042,39,Male,Explorer
U01043,26,Male,Premium Upskiller
U01044,25,Male,Premium Upskiller
U01045,26,Female,Casual Dabbler
U01046,27,Other,Career-Switcher
U01047,35,Male,Casual Dabbler
U01048,23,Male,Explorer
U01049,36,Female,Career-Switcher
U01050,30,Male,Specialist
U01051,31,Female,Explorer
U01052,27,Male,Casual Dabbler
U01053,23,Female,Casual Dabbler
U01054,41,Male,Career-Switcher
U01055,38,Male,Career-Switcher
U01056,26,Male,Specialist
U01057,30,Male,Career-Switcher
U01058,21,Male,Explorer
U01059,22,Female,Premium Upskiller
U01060,33,Male,Career-Switcher
U01061,27,Female,Premium Upskiller
U01062,31,Male,Career-Switcher
U01063,16,Female,Specialist
U01064,35,Male,Career-Switcher
U01065,23,Female,Explorer
U01066,29,Male,Explorer
U01067,29,Male,Explorer
U01068,19,Female,Specialist
U01069,42,Female,Casual Dabbler
U01070,32,Male,Premium Upskiller
U01071,33,Male,Specialist
U01072,25,Male,Casual Dabbler
U01073,32,Male,Explorer
U01074,18,Male,Explorer
U01075,40,Male,Career-Switcher
U01076,22,Male,Explorer
U01077,25,Male,Career-Switcher
U01078,19,Male,Career-Switcher
U01079,20,Male,Specialist
U01080,18,Other,Career-Switcher
U01081,31,Male,Premium Upskiller
U01082,16,Male,Specialist
U01083,48,Male,Explorer
U01084,20,Male,Explorer
U01085,48,Female,Premium Upskiller
U01086,16,Male,Explorer
U01087,23,Male,Explorer
U01088,31,Male,Explorer
U01089,34,Male,Career-Switcher
U01090,35,Female,Career-Switcher
U01091,22,Male,Specialist
U01092,31,Female,Premium Upskiller
U01093,30,Male,Casual Dabbler
U01094,29,Male,Premium Upskiller
U01095,26,Male,Casual Dabbler
U01096,34,Female,Specialist
U01097,39,Male,Specialist
U01098,28,Female,Casual Dabbler
U01099,28,Male,Career-Switcher
U01100,36,Female,Specialist
U01101,36,Female,Premium Upskiller
U01102,39,Female,Career-Switcher
U01103,25,Male,Specialist
U01104,21,Female,Casual Dabbler
U01105,20,Male,Explorer
U01106,30,Female,Casual Dabbler
U01107,31,Male,Premium Upskiller
U01108,34,Male,Casual Dabbler
U01109,26,Female,Explorer
U01110,22,Male,Career-Switcher
U01111,32,Female,Specialist
U01112,31,Female,Specialist
U01113,23,Male,Career-Switcher
U01114,37,Female,Explorer
U01115,18,Male,Casual Dabbler
U01116,31,Female,Specialist
U01117,26,Male,Casual Dabbler
U01118,22,Male,Casual Dabbler
U01119,31,Female,Premium Upskiller
U01120,30,Male,Casual Dabbler
U01121,36,Female,Specialist
U01122,30,Male,Career-Switcher
U01123,16,Male,Career-Switcher
U01124,23,Female,Career-Switcher
U01125,30,Other,Premium Upskiller
U01126,33,Male,Explorer
U01127,30,Female,Casual Dabbler
U01128,23,Male,Career-Switcher
U01129,27,Male,Career-Switcher
U01130,21,Female,Premium Upskiller
U01131,24,Male,Specialist
U01132,36,Male,Specialist
U01133,24,Male,Explorer
U01134,35,Male,Specialist
U01135,28,Female,Career-Switcher
U01136,23,Male,Explorer
U01137,32,Female,Career-Switcher
U01138,28,Male,Specialist
U01139,27,Female,Explorer
U01140,19,Female,Career-Switcher
U01141,25,Female,Premium Upskiller
U01142,37,Other,Career-Switcher
U01143,26,Female,Casual Dabbler
U01144,22,Male,Explorer
U01145,35,Male,Premium Upskiller
U01146,22,Male,Explorer
U01147,16,Female,Explorer
U01148,32,Male,Casual Dabbler
U01149,30,Male,Explorer
U01150,26,Female,Explorer
U01151,39,Female,Explorer
U01152,33,Male,Casual Dabbler
U01153,33,Female,Career-Switcher
U01154,38,Male,Specialist
U01155,23,Female,Career-Switcher
U01156,21,Female,Explorer
U01157,28,Male,Explorer
U01158,27,Female,Explorer
U01159,22,Female,Career-Switcher
U01160,20,Male,Specialist
U01161,30,Male,Casual Dabbler
U01162,27,Female,Explorer
U01163,31,Female,Career-Switcher
U01164,16,Male,Casual Dabbler
U01165,28,Female,Casual Dabbler
U01166,40,Female,Explorer
U01167,23,Male,Specialist
U01168,39,Male,Career-Switcher
U01169,18,Female,Explorer
U01170,18,Female,Specialist
U01171,19,Female,Specialist
U01172,33,Female,Career-Switcher
U01173,29,Other,Casual Dabbler
U01174,23,Female,Career-Switcher
U01175,32,Male,Explorer
U01176,22,Female,Premium Upskiller
U01177,17,Female,Explorer
U01178,32,Male,Explorer
U01179,23,Other,Premium Upskiller
U01180,35,Male,Career-Switcher
U01181,39,Female,Explorer
U01182,16,Female,Specialist
U01183,22,Male,Career-Switcher
U01184,45,Male,Casual Dabbler
U01185,29,Female,Explorer
U01186,26,Female,Specialist
U01187,33,Male,Career-Switcher
U01188,29,Female,Casual Dabbler
U01189,32,Female,Premium Upskiller
U01190,41,Female,Specialist
U01191,19,Male,Career-Switcher
U01192,32,Female,Career-Switcher
U01193,36,Male,Casual Dabbler
U01194,21,Male,Premium Upskiller
U01195,33,Male,Casual Dabbler
U01196,28,Female,Explorer
U01197,22,Female,Explorer
U01198,30,Female,Premium Upskiller
U01199,33,Male,Career-Switcher
U01200,26,Male,Explorer
U01201,16,Female,Premium Upskiller
U01202,16,Female,Specialist
U01203,26,Female,Specialist
U01204,25,Male,Premium Upskiller
U01205,25,Male,Career-Switcher
U01206,38,Male,Specialist
U01207,20,Male,Explorer
U01208,32,Female,Casual Dabbler
U01209,27,Male,Explorer
U01210,40,Female,Specialist
U01211,25,Male,Premium Upskiller
U01212,23,Male,Casual Dabbler
U01213,32,Female,Casual Dabbler
U01214,22,Male,Specialist
U01215,32,Female,Casual Dabbler
U01216,42,Male,Casual Dabbler
U01217,37,Female,Specialist
U01218,29,Female,Premium Upskiller
U01219,45,Male,Explorer
U01220,31,Male,Casual Dabbler
U01221,31,Male,Casual Dabbler
U01222,28,Male,Explorer
U01223,21,Male,Explorer
U01224,29,Male,Career-Switcher
U01225,21,Male,Explorer
U01226,32,Female,Specialist
U01227,43,Female,Specialist
U01228,37,Male,Casual Dabbler
U01229,30,Male,Specialist
U01230,27,Male,Premium Upskiller
U01231,28,Male,Career-Switcher
U01232,31,Female,Career-Switcher
U01233,32,Female,Premium Upskiller
U01234,19,Male,Career-Switcher
U01235,20,Female,Career-Switcher
U01236,26,Male,Specialist
U01237,31,Male,Premium Upskiller
U01238,24,Other,Explorer
U01239,32,Male,Specialist
U01240,34,Male,Casual Dabbler
U01241,19,Male,Casual Dabbler
U01242,16,Male,Casual Dabbler
U01243,25,Male,Career-Switcher
U01244,31,Female,Premium Upskiller
U01245,34,Female,Explorer
U01246,33,Other,Career-Switcher
U01247,30,Male,Explorer
U01248,21,Female,Career-Switcher
U01249,29,Male,Casual Dabbler
U01250,18,Male,Career-Switcher
U01251,23,Male,Specialist
U01252,39,Female,Casual Dabbler
U01253,28,Male,Career-Switcher
U01254,27,Male,Explorer
U01255,27,Male,Specialist
U01256,31,Female,Explorer
U01257,38,Female,Premium Upskiller
U01258,23,Male,Casual Dabbler
U01259,30,Male,Career-Switcher
U01260,17,Male,Casual Dabbler
U01261,33,Female,Explorer
U01262,44,Male,Explorer
U01263,35,Male,Explorer
U01264,31,Other,Specialist
U01265,20,Male,Specialist
U01266,32,Male,Explorer
U01267,29,Female,Casual Dabbler
U01268,18,Male,Casual Dabbler
U01269,48,Male,Casual Dabbler
U01270,24,Male,Specialist
U01271,28,Male,Casual Dabbler
U01272,36,Male,Career-Switcher
U01273,26,Male,Premium Upskiller
U01274,31,Female,Casual Dabbler
U01275,36,Male,Explorer
U01276,31,Female,Casual Dabbler
U01277,32,Female,Premium Upskiller
U01278,32,Female,Career-Switcher
U01279,23,Male,Premium Upskiller
U01280,32,Male,Casual Dabbler
U01281,21,Male,Premium Upskiller
U01282,31,Female,Specialist
U01283,16,Female,Premium Upskiller
U01284,17,Female,Casual Dabbler
U01285,35,Other,Explorer
U01286,34,Female,Premium Upskiller
U01287,33,Male,Career-Switcher
U01288,39,Male,Explorer
U01289,36,Female,Career-Switcher
U01290,26,Male,Career-Switcher
U01291,35,Male,Career-Switcher
U01292,27,Male,Explorer
U01293,19,Male,Career-Switcher
U01294,23,Male,Casual Dabbler
U01295,31,Male,Casual Dabbler
U01296,28,Male,Explorer
U01297,31,Other,Explorer
U01298,37,Male,Premium Upskiller
U01299,21,Female,Career-Switcher
U01300,16,Female,Explorer
U01301,22,Female,Premium Upskiller
U01302,23,Female,Explorer
U01303,41,Female,Career-Switcher
U01304,35,Male,Specialist
U01305,26,Male,Premium Upskiller
U01306,31,Male,Specialist
U01307,29,Male,Casual Dabbler
U01308,34,Female,Explorer
U01309,32,Female,Premium Upskiller
U01310,31,Male,Casual Dabbler
U01311,31,Male,Premium Upskiller
U01312,25,Female,Specialist
U01313,35,Male,Specialist
U01314,26,Female,Career-Switcher
U01315,41,Male,Premium Upskiller
U01316,27,Male,Specialist
U01317,30,Male,Explorer
U01318,31,Male,Specialist
U01319,26,Female,Career-Switcher
U01320,44,Female,Explorer
U01321,28,Male,Career-Switcher
U01322,30,Female,Career-Switcher
U01323,19,Female,Explorer
U01324,44,Male,Specialist
U01325,24,Male,Specialist
U01326,20,Female,Specialist
U01327,20,Male,Casual Dabbler
U01328,35,Male,Career-Switcher
U01329,24,Male,Casual Dabbler
U01330,20,Female,Explorer
U01331,21,Male,Premium Upskiller
U01332,19,Male,Career-Switcher
U01333,25,Male,Premium Upskiller
U01334,24,Female,Premium Upskiller
U01335,28,Female,Career-Switcher
U01336,22,Male,Career-Switcher
U01337,21,Male,Casual Dabbler
U01338,25,Male,Casual Dabbler
U01339,22,Male,Explorer
U01340,21,Male,Explorer
U01341,33,Male,Specialist
U01342,36,Female,Premium Upskiller
U01343,43,Male,Premium Upskiller
U01344,28,Female,Casual Dabbler
U01345,30,Male,Career-Switcher
U01346,32,Male,Premium Upskiller
U01347,20,Female,Explorer
U01348,24,Male,Casual Dabbler
U01349,23,Female,Explorer
U01350,27,Female,Casual Dabbler
U01351,31,Male,Specialist
U01352,28,Female,Casual Dabbler
U01353,28,Male,Specialist
U01354,35,Female,Career-Switcher
U01355,31,Female,Casual Dabbler
U01356,32,Male,Casual Dabbler
U01357,33,Female,Explorer
U01358,37,Male,Premium Upskiller
U01359,42,Male,Casual Dabbler
U01360,31,Male,Casual Dabbler
U01361,21,Female,Explorer
U01362,30,Male,Specialist
U01363,20,Male,Specialist
U01364,27,Female,Casual Dabbler
U01365,16,Female,Explorer
U01366,22,Female,Explorer
U01367,28,Male,Career-Switcher
U01368,28,Female,Specialist
U01369,31,Female,Specialist
U01370,20,Male,Explorer
U01371,31,Male,Career-Switcher
U01372,43,Female,Specialist
U01373,35,Male,Career-Switcher
U01374,30,Male,Casual Dabbler
U01375,41,Female,Explorer
U01376,21,Female,Specialist
U01377,41,Male,Explorer
U01378,43,Male,Premium Upskiller
U01379,27,Female,Career-Switcher
U01380,18,Male,Career-Switcher
U01381,26,Male,Premium Upskiller
U01382,31,Female,Specialist
U01383,18,Female,Casual Dabbler
U01384,33,Male,Explorer
U01385,34,Male,Explorer
U01386,21,Female,Premium Upskiller
U01387,32,Female,Casual Dabbler
U01388,29,Male,Specialist
U01389,36,Male,Premium Upskiller
U01390,44,Female,Explorer
U01391,28,Female,Specialist
U01392,28,Female,Casual Dabbler
U01393,16,Female,Explorer
U01394,33,Female,Career-Switcher
U01395,23,Other,Explorer
U01396,35,Female,Career-Switcher
U01397,27,Female,Casual Dabbler
U01398,18,Male,Specialist
U01399,22,Male,Premium Upskiller
U01400,16,Male,Premium Upskiller
U01401,32,Male,Casual Dabbler
U01402,16,Male,Career-Switcher
U01403,35,Male,Explorer
U01404,23,Female,Explorer
U01405,27,Female,Explorer
U01406,27,Male,Career-Switcher
U01407,23,Female,Explorer
U01408,16,Male,Premium Upskiller
U01409,33,Male,Explorer
U01410,21,Female,Career-Switcher
U01411,29,Female,Explorer
U01412,18,Female,Casual Dabbler
U01413,25,Male,Specialist
U01414,33,Male,Specialist
U01415,31,Male,Casual Dabbler
U01416,32,Female,Explorer
U01417,41,Male,Casual Dabbler
U01418,33,Male,Specialist
U01419,22,Male,Casual Dabbler
U01420,33,Female,Career-Switcher
U01421,25,Female,Specialist
U01422,29,Female,Premium Upskiller
U01423,38,Male,Career-Switcher
U01424,24,Male,Career-Switcher
U01425,33,Female,Premium Upskiller
U01426,38,Female,Career-Switcher
U01427,28,Female,Explorer
U01428,26,Male,Specialist
U01429,18,Other,Specialist
U01430,38,Male,Specialist
U01431,37,Male,Premium Upskiller
U01432,42,Female,Career-Switcher
U01433,23,Female,Specialist
U01434,34,Male,Career-Switcher
U01435,24,Male,Explorer
U01436,27,Female,Premium Upskiller
U01437,31,Male,Specialist
U01438,38,Male,Specialist
U01439,16,Male,Career-Switcher
U01440,29,Male,Career-Switcher
U01441,21,Female,Casual Dabbler
U01442,31,Female,Specialist
U01443,30,Male,Specialist
U01444,26,Male,Premium Upskiller
U01445,17,Male,Casual Dabbler
U01446,25,Female,Premium Upskiller
U01447,33,Female,Casual Dabbler
U01448,33,Male,Career-Switcher
U01449,44,Male,Career-Switcher
U01450,32,Male,Explorer
U01451,35,Female,Casual Dabbler
U01452,24,Male,Casual Dabbler
U01453,37,Female,Premium Upskiller
U01454,29,Female,Explorer
U01455,26,Female,Specialist
U01456,30,Male,Career-Switcher
U01457,32,Other,Explorer
U01458,35,Male,Specialist
U01459,42,Male,Career-Switcher
U01460,21,Female,Explorer
U01461,36,Male,Career-Switcher
U01462,25,Female,Premium Upskiller
U01463,16,Female,Premium Upskiller
U01464,35,Male,Specialist
U01465,35,Male,Career-Switcher
U01466,37,Female,Explorer
U01467,22,Other,Career-Switcher
U01468,29,Male,Premium Upskiller
U01469,16,Male,Casual Dabbler
U01470,36,Female,Casual Dabbler
U01471,37,Male,Career-Switcher
U01472,37,Male,Explorer
U01473,28,Female,Explorer
U01474,29,Male,Casual Dabbler
U01475,35,Female,Casual Dabbler
U01476,26,Female,Explorer
U01477,36,Female,Career-Switcher
U01478,25,Female,Explorer
U01479,26,Male,Premium Upskiller
U01480,32,Male,Casual Dabbler
U01481,23,Male,Explorer
U01482,29,Male,Explorer
U01483,39,Male,Premium Upskiller
U01484,17,Female,Career-Switcher
U01485,32,Male,Premium Upskiller
U01486,33,Male,Specialist
U01487,47,Female,Explorer
U01488,21,Male,Explorer
U01489,27,Male,Career-Switcher
U01490,36,Female,Explorer
U01491,33,Male,Premium Upskiller
U01492,29,Male,Casual Dabbler
U01493,33,Female,Explorer
U01494,23,Male,Explorer
U01495,17,Female,Specialist
U01496,24,Male,Career-Switcher
U01497,39,Male,Casual Dabbler
U01498,21,Female,Specialist
U01499,18,Male,Premium Upskiller
U01500,32,Female,Specialist
