UserID,Age,Gender
U00001,21,Male
U00002,27,Male
U00003,37,Female
U00004,33,Male
U00005,28,Male
U00006,28,Male
U00007,16,Male
U00008,20,Male
U00009,16,Male
U00010,40,Male
U00011,19,Male
U00012,29,Male
U00013,31,Male
U00014,35,Male
U00015,37,Female
U00016,16,Male
U00017,43,Male
U00018,21,Male
U00019,20,Female
U00020,38,Female
U00021,34,Female
U00022,34,Male
U00023,31,Male
U00024,24,Female
U00025,42,Male
U00026,39,Male
U00027,20,Male
U00028,18,Male
U00029,43,Female
U00030,30,Female
U00031,20,Male
U00032,18,Male
U00033,16,Male
U00034,37,Female
U00035,22,Female
U00036,32,Female
U00037,27,Other
U00038,30,Male
U00039,31,Male
U00040,31,Male
U00041,31,Female
U00042,40,Female
U00043,19,Male
U00044,29,Male
U00045,38,Female
U00046,41,Male
U00047,22,Female
U00048,40,Female
U00049,44,Male
U00050,28,Male
U00051,54,Female
U00052,36,Female
U00053,36,Male
U00054,29,Male
U00055,16,Female
U00056,17,Female
U00057,23,Male
U00058,25,Male
U00059,31,Male
U00060,29,Male
U00061,28,Male
U00062,28,Female
U00063,20,Female
U00064,31,Male
U00065,16,Female
U00066,24,Male
U00067,26,Female
U00068,22,Male
U00069,32,Female
U00070,41,Female
U00071,27,Male
U00072,20,Male
U00073,33,Male
U00074,38,Female
U00075,33,Male
U00076,26,Female
U00077,24,Male
U00078,27,Female
U00079,29,Male
U00080,38,Female
U00081,33,Male
U00082,36,Male
U00083,36,Female
U00084,31,Female
U00085,16,Female
U00086,16,Male
U00087,19,Male
U00088,25,Female
U00089,32,Male
U00090,20,Female
U00091,18,Male
U00092,36,Male
U00093,28,Male
U00094,21,Female
U00095,25,Female
U00096,32,Male
U00097,34,Female
U00098,17,Female
U00099,33,Female
U00100,35,Female
U00101,39,Male
U00102,35,Male
U00103,35,Female
U00104,25,Male
U00105,31,Female
U00106,35,Male
U00107,40,Female
U00108,20,Female
U00109,26,Male
U00110,31,Female
U00111,33,Female
U00112,16,Male
U00113,37,Other
U00114,24,Male
U00115,28,Female
U00116,35,Female
U00117,36,Male
U00118,22,Male
U00119,33,Female
U00120,19,Female
U00121,48,Male
U00122,30,Male
U00123,32,Male
U00124,25,Female
U00125,28,Male
U00126,40,Male
U00127,20,Male
U00128,21,Male
U00129,51,Female
U00130,30,Male
U00131,29,Female
U00132,17,Female
U00133,26,Female
U00134,35,Female
U00135,38,Male
U00136,36,Male
U00137,33,Male
U00138,20,Female
U00139,22,Male
U00140,40,Female
U00141,27,Male
U00142,38,Male
U00143,21,Male
U00144,23,Female
U00145,26,Female
U00146,27,Female
U00147,26,Female
U00148,27,Female
U00149,29,Male
U00150,42,Male
U00151,24,Female
U00152,32,Male
U00153,37,Male
U00154,31,Female
U00155,29,Female
U00156,16,Male
U00157,26,Male
U00158,21,Female
U00159,43,Male
U00160,19,Male
U00161,21,Female
U00162,22,Male
U00163,32,Male
U00164,22,Male
U00165,17,Female
U00166,33,Female
U00167,37,Female
U00168,44,Female
U00169,21,Male
U00170,18,Male
U00171,28,Female
U00172,23,Male
U00173,31,Female
U00174,27,Female
U00175,17,Male
U00176,19,Female
U00177,39,Female
U00178,21,Male
U00179,24,Female
U00180,24,Other
U00181,29,Male
U00182,29,Male
U00183,41,Female
U00184,42,Male
U00185,29,Female
U00186,27,Male
U00187,41,Male
U00188,23,Male
U00189,28,Male
U00190,36,Male
U00191,25,Female
U00192,22,Female
U00193,33,Male
U00194,26,Female
U00195,29,Male
U00196,31,Male
U00197,16,Male
U00198,29,Female
U00199,28,Male
U00200,30,Male
U00201,16,Female
U00202,16,Female
U00203,21,Female
U00204,16,Female
U00205,26,Other
U00206,38,Male
U00207,19,Female
U00208,32,Male
U00209,27,Female
U00210,38,Male
U00211,28,Female
U00212,36,Female
U00213,28,Male
U00214,20,Female
U00215,32,Other
U00216,34,Female
U00217,22,Male
U00218,24,Other
U00219,31,Female
U00220,28,Male
U00221,18,Male
U00222,44,Male
U00223,24,Female
U00224,25,Male
U00225,35,Male
U00226,19,Male
U00227,36,Female
U00228,32,Female
U00229,31,Female
U00230,31,Other
U00231,16,Male
U00232,16,Male
U00233,20,Female
U00234,23,Female
U00235,32,Male
U00236,33,Male
U00237,17,Male
U00238,27,Male
U00239,34,Female
U00240,28,Male
U00241,46,Female
U00242,39,Male
U00243,36,Female
U00244,27,Female
U00245,40,Female
U00246,35,Male
U00247,34,Female
U00248,22,Male
U00249,28,Male
U00250,19,Male
U00251,31,Female
U00252,27,Male
U00253,41,Female
U00254,26,Female
U00255,25,Male
U00256,47,Female
U00257,31,Female
U00258,22,Male
U00259,29,Female
U00260,17,Female
U00261,38,Female
U00262,27,Male
U00263,17,Male
U00264,32,Female
U00265,31,Female
U00266,36,Male
U00267,30,Male
U00268,24,Female
U00269,20,Female
U00270,34,Male
U00271,24,Male
U00272,27,Male
U00273,28,Male
U00274,29,Male
U00275,16,Male
U00276,23,Male
U00277,16,Other
U00278,27,Female
U00279,37,Male
U00280,16,Male
U00281,31,Female
U00282,45,Male
U00283,16,Other
U00284,26,Male
U00285,28,Female
U00286,16,Female
U00287,32,Male
U00288,24,Male
U00289,23,Male
U00290,35,Male
U00291,30,Female
U00292,21,Male
U00293,30,Male
U00294,29,Female
U00295,28,Female
U00296,29,Female
U00297,31,Male
U00298,33,Male
U00299,16,Male
U00300,21,Male
U00301,17,Female
U00302,32,Male
U00303,30,Male
U00304,28,Male
U00305,17,Male
U00306,33,Female
U00307,25,Male
U00308,28,Male
U00309,33,Male
U00310,31,Male
U00311,29,Female
U00312,30,Female
U00313,41,Male
U00314,19,Female
U00315,28,Female
U00316,16,Male
U00317,27,Female
U00318,16,Male
U00319,29,Male
U00320,27,Female
U00321,39,Female
U00322,27,Male
U00323,16,Female
U00324,48,Male
U00325,43,Other
U00326,30,Female
U00327,23,Male
U00328,30,Male
U00329,16,Female
U00330,23,Male
U00331,20,Female
U00332,23,Male
U00333,30,Male
U00334,24,Female
U00335,17,Female
U00336,19,Female
U00337,47,Male
U00338,19,Female
U00339,16,Female
U00340,25,Female
U00341,27,Female
U00342,34,Male
U00343,30,Female
U00344,33,Male
U00345,17,Male
U00346,38,Male
U00347,24,Female
U00348,28,Female
U00349,17,Male
U00350,18,Male
U00351,29,Male
U00352,33,Male
U00353,22,Male
U00354,25,Male
U00355,24,Male
U00356,37,Female
U00357,47,Female
U00358,19,Female
U00359,20,Male
U00360,19,Male
U00361,51,Male
U00362,25,Female
U00363,42,Female
U00364,18,Female
U00365,40,Male
U00366,16,Female
U00367,38,Female
U00368,31,Male
U00369,28,Male
U00370,16,Male
U00371,27,Female
U00372,28,Male
U00373,25,Female
U00374,32,Male
U00375,36,Other
U00376,31,Male
U00377,25,Other
U00378,32,Female
U00379,35,Male
U00380,21,Male
U00381,41,Other
U00382,34,Male
U00383,32,Female
U00384,30,Male
U00385,21,Male
U00386,36,Female
U00387,16,Female
U00388,25,Male
U00389,30,Male
U00390,32,Female
U00391,37,Male
U00392,34,Male
U00393,37,Female
U00394,27,Female
U00395,30,Male
U00396,24,Female
U00397,16,Male
U00398,40,Male
U00399,40,Female
U00400,16,Female
U00401,30,Female
U00402,37,Male
U00403,16,Male
U00404,16,Male
U00405,20,Female
U00406,33,Male
U00407,19,Male
U00408,25,Female
U00409,33,Male
U00410,38,Female
U00411,37,Male
U00412,20,Female
U00413,38,Male
U00414,24,Female
U00415,34,Male
U00416,22,Female
U00417,41,Male
U00418,23,Female
U00419,29,Female
U00420,25,Male
U00421,21,Male
U00422,29,Male
U00423,23,Female
U00424,36,Female
U00425,24,Female
U00426,26,Male
U00427,32,Male
U00428,25,Male
U00429,26,Male
U00430,18,Female
U00431,30,Male
U00432,30,Female
U00433,26,Female
U00434,30,Male
U00435,18,Female
U00436,30,Female
U00437,32,Female
U00438,24,Other
U00439,23,Female
U00440,17,Other
U00441,20,Female
U00442,18,Other
U00443,28,Female
U00444,28,Male
U00445,32,Male
U00446,30,Male
U00447,17,Male
U00448,30,Female
U00449,25,Male
U00450,29,Male
U00451,36,Female
U00452,36,Male
U00453,22,Male
U00454,34,Male
U00455,20,Male
U00456,38,Male
U00457,29,Female
U00458,16,Female
U00459,17,Male
U00460,32,Female
U00461,36,Male
U00462,27,Male
U00463,16,Male
U00464,24,Male
U00465,29,Male
U00466,32,Male
U00467,30,Other
U00468,28,Female
U00469,32,Female
U00470,30,Male
U00471,35,Male
U00472,16,Other
U00473,16,Female
U00474,26,Female
U00475,20,Male
U00476,32,Male
U00477,30,Male
U00478,29,Male
U00479,35,Male
U00480,22,Male
U00481,30,Male
U00482,32,Female
U00483,47,Female
U00484,22,Male
U00485,35,Female
U00486,28,Female
U00487,32,Female
U00488,21,Female
U00489,30,Male
U00490,22,Female
U00491,33,Male
U00492,34,Male
U00493,21,Other
U00494,39,Male
U00495,38,Male
U00496,23,Male
U00497,20,Male
U00498,31,Male
U00499,33,Male
U00500,45,Female
U00501,20,Female
U00502,28,Male
U00503,33,Male
U00504,21,Male
U00505,16,Male
U00506,27,Male
U00507,27,Male
U00508,37,Female
U00509,32,Male
U00510,35,Other
U00511,43,Female
U00512,29,Male
U00513,17,Female
U00514,29,Female
U00515,30,Female
U00516,46,Female
U00517,20,Male
U00518,21,Male
U00519,28,Male
U00520,38,Female
U00521,36,Male
U00522,16,Male
U00523,38,Female
U00524,34,Male
U00525,19,Female
U00526,37,Female
U00527,22,Male
U00528,32,Male
U00529,27,Male
U00530,32,Male
U00531,36,Male
U00532,18,Male
U00533,16,Female
U00534,37,Male
U00535,31,Female
U00536,36,Male
U00537,38,Female
U00538,38,Male
U00539,22,Male
U00540,25,Female
U00541,25,Male
U00542,44,Male
U00543,31,Female
U00544,39,Female
U00545,31,Male
U00546,46,Female
U00547,39,Male
U00548,16,Male
U00549,40,Male
U00550,21,Male
U00551,28,Male
U00552,51,Male
U00553,35,Female
U00554,16,Male
U00555,21,Male
U00556,41,Female
U00557,33,Female
U00558,19,Male
U00559,31,Male
U00560,41,Other
U00561,32,Male
U00562,37,Female
U00563,35,Male
U00564,28,Male
U00565,16,Male
U00566,29,Female
U00567,35,Female
U00568,34,Female
U00569,34,Male
U00570,16,Male
U00571,31,Male
U00572,25,Male
U00573,33,Female
U00574,31,Female
U00575,33,Female
U00576,31,Female
U00577,24,Male
U00578,16,Female
U00579,39,Female
U00580,33,Female
U00581,26,Male
U00582,29,Male
U00583,24,Male
U00584,16,Male
U00585,29,Female
U00586,21,Male
U00587,27,Female
U00588,21,Male
U00589,49,Male
U00590,35,Female
U00591,25,Female
U00592,25,Female
U00593,24,Male
U00594,18,Female
U00595,19,Female
U00596,25,Female
U00597,29,Female
U00598,31,Female
U00599,29,Female
U00600,35,Male
U00601,21,Female
U00602,28,Male
U00603,35,Male
U00604,30,Male
U00605,23,Male
U00606,37,Male
U00607,16,Male
U00608,33,Male
U00609,32,Female
U00610,41,Male
U00611,26,Male
U00612,30,Other
U00613,24,Female
U00614,33,Female
U00615,43,Male
U00616,27,Female
U00617,34,Male
U00618,37,Male
U00619,33,Female
U00620,27,Male
U00621,22,Male
U00622,34,Female
U00623,26,Male
U00624,25,Male
U00625,16,Female
U00626,28,Female
U00627,32,Male
U00628,35,Female
U00629,31,Female
U00630,42,Female
U00631,30,Female
U00632,32,Male
U00633,40,Female
U00634,32,Male
U00635,39,Female
U00636,36,Female
U00637,32,Male
U00638,40,Female
U00639,22,Other
U00640,34,Female
U00641,38,Male
U00642,37,Male
U00643,28,Male
U00644,21,Female
U00645,35,Female
U00646,35,Male
U00647,16,Female
U00648,36,Female
U00649,23,Female
U00650,30,Female
U00651,39,Male
U00652,28,Male
U00653,28,Female
U00654,38,Male
U00655,34,Female
U00656,28,Female
U00657,40,Female
U00658,24,Female
U00659,20,Male
U00660,39,Male
U00661,24,Male
U00662,27,Female
U00663,23,Male
U00664,25,Male
U00665,26,Male
U00666,34,Male
U00667,32,Male
U00668,41,Female
U00669,32,Male
U00670,36,Female
U00671,30,Male
U00672,39,Female
U00673,20,Female
U00674,40,Female
U00675,30,Female
U00676,35,Male
U00677,38,Male
U00678,32,Other
U00679,28,Female
U00680,28,Male
U00681,29,Male
U00682,37,Male
U00683,39,Male
U00684,24,Female
U00685,27,Female
U00686,19,Other
U00687,25,Female
U00688,21,Female
U00689,40,Male
U00690,22,Male
U00691,38,Male
U00692,27,Female
U00693,32,Male
U00694,29,Female
U00695,34,Male
U00696,35,Female
U00697,24,Male
U00698,23,Female
U00699,35,Male
U00700,33,Female
U00701,25,Male
U00702,25,Male
U00703,41,Male
U00704,37,Male
U00705,29,Male
U00706,25,Male
U00707,22,Female
U00708,34,Male
U00709,33,Male
U00710,36,Male
U00711,22,Male
U00712,16,Male
U00713,24,Male
U00714,25,Female
U00715,24,Male
U00716,35,Female
U00717,31,Female
U00718,29,Male
U00719,44,Female
U00720,21,Other
U00721,21,Male
U00722,33,Male
U00723,29,Female
U00724,33,Female
U00725,20,Male
U00726,35,Male
U00727,40,Female
U00728,22,Other
U00729,30,Female
U00730,17,Female
U00731,53,Female
U00732,33,Female
U00733,33,Male
U00734,20,Male
U00735,16,Male
U00736,22,Male
U00737,36,Female
U00738,28,Male
U00739,30,Female
U00740,22,Male
U00741,23,Female
U00742,36,Male
U00743,35,Male
U00744,37,Male
U00745,29,Female
U00746,19,Female
U00747,44,Female
U00748,31,Male
U00749,43,Male
U00750,23,Male
U00751,23,Female
U00752,35,Female
U00753,26,Male
U00754,38,Female
U00755,16,Female
U00756,25,Female
U00757,39,Female
U00758,27,Female
U00759,32,Female
U00760,19,Male
U00761,26,Female
U00762,20,Male
U00763,30,Female
U00764,28,Female
U00765,29,Male
U00766,23,Female
U00767,37,Female
U00768,24,Female
U00769,22,Female
U00770,47,Female
U00771,27,Female
U00772,25,Male
U00773,30,Female
U00774,42,Female
U00775,25,Male
U00776,47,Male
U00777,38,Female
U00778,16,Female
U00779,16,Female
U00780,34,Male
U00781,25,Female
U00782,24,Male
U00783,32,Female
U00784,16,Female
U00785,32,Male
U00786,29,Female
U00787,22,Female
U00788,33,Male
U00789,37,Female
U00790,28,Female
U00791,39,Female
U00792,25,Male
U00793,32,Male
U00794,40,Male
U00795,21,Male
U00796,19,Male
U00797,23,Male
U00798,30,Female
U00799,26,Male
U00800,32,Other
U00801,35,Female
U00802,35,Female
U00803,28,Female
U00804,37,Male
U00805,30,Male
U00806,34,Other
U00807,30,Female
U00808,23,Male
U00809,43,Female
U00810,23,Female
U00811,20,Male
U00812,37,Male
U00813,35,Male
U00814,22,Male
U00815,41,Female
U00816,34,Male
U00817,22,Female
U00818,30,Female
U00819,30,Female
U00820,32,Female
U00821,34,Male
U00822,24,Male
U00823,39,Female
U00824,44,Male
U00825,22,Male
U00826,25,Male
U00827,28,Female
U00828,31,Female
U00829,27,Male
U00830,50,Male
U00831,23,Male
U00832,33,Male
U00833,31,Female
U00834,21,Male
U00835,34,Female
U00836,35,Other
U00837,30,Male
U00838,21,Male
U00839,33,Male
U00840,21,Male
U00841,18,Male
U00842,29,Female
U00843,37,Female
U00844,37,Female
U00845,38,Female
U00846,32,Female
U00847,31,Male
U00848,29,Female
U00849,20,Male
U00850,18,Female
U00851,37,Female
U00852,16,Male
U00853,24,Male
U00854,33,Male
U00855,41,Male
U00856,25,Female
U00857,34,Male
U00858,37,Male
U00859,31,Male
U00860,22,Female
U00861,30,Female
U00862,17,Female
U00863,31,Male
U00864,21,Female
U00865,20,Female
U00866,25,Male
U00867,28,Female
U00868,37,Female
U00869,25,Male
U00870,36,Male
U00871,25,Male
U00872,24,Male
U00873,37,Female
U00874,25,Female
U00875,31,Male
U00876,24,Female
U00877,28,Male
U00878,33,Male
U00879,36,Female
U00880,32,Male
U00881,25,Female
U00882,27,Male
U00883,35,Male
U00884,38,Male
U00885,26,Female
U00886,36,Female
U00887,29,Female
U00888,29,Male
U00889,25,Male
U00890,27,Male
U00891,16,Female
U00892,42,Female
U00893,27,Male
U00894,33,Male
U00895,32,Female
U00896,26,Other
U00897,39,Female
U00898,30,Male
U00899,30,Male
U00900,18,Female
U00901,31,Female
U00902,16,Female
U00903,28,Male
U00904,26,Female
U00905,30,Female
U00906,23,Male
U00907,28,Female
U00908,24,Male
U00909,22,Male
U00910,33,Female
U00911,16,Female
U00912,35,Male
U00913,16,Female
U00914,42,Male
U00915,16,Male
U00916,16,Male
U00917,20,Female
U00918,36,Male
U00919,29,Female
U00920,21,Male
U00921,32,Male
U00922,35,Other
U00923,26,Female
U00924,33,Female
U00925,26,Female
U00926,29,Male
U00927,37,Male
U00928,36,Male
U00929,16,Male
U00930,34,Male
U00931,30,Male
U00932,35,Female
U00933,18,Male
U00934,45,Male
U00935,40,Female
U00936,26,Male
U00937,18,Female
U00938,27,Female
U00939,25,Male
U00940,39,Female
U00941,34,Male
U00942,27,Male
U00943,26,Male
U00944,28,Female
U00945,27,Female
U00946,39,Female
U00947,30,Male
U00948,32,Female
U00949,33,Male
U00950,37,Female
U00951,31,Male
U00952,28,Male
U00953,23,Male
U00954,16,Male
U00955,32,Male
U00956,28,Female
U00957,39,Male
U00958,18,Female
U00959,35,Female
U00960,31,Female
U00961,26,Male
U00962,37,Female
U00963,23,Male
U00964,16,Female
U00965,27,Male
U00966,22,Male
U00967,18,Male
U00968,42,Male
U00969,32,Male
U00970,35,Male
U00971,28,Male
U00972,31,Female
U00973,18,Male
U00974,29,Male
U00975,45,Female
U00976,22,Female
U00977,39,Female
U00978,25,Female
U00979,24,Male
U00980,36,Male
U00981,40,Male
U00982,16,Male
U00983,28,Male
U00984,24,Male
U00985,30,Male
U00986,38,Male
U00987,26,Female
U00988,21,Female
U00989,45,Female
U00990,38,Female
U00991,38,Male
U00992,27,Female
U00993,39,Female
U00994,16,Female
U00995,23,Female
U00996,40,Male
U00997,29,Female
U00998,35,Male
U00999,31,Male
U01000,21,Male
U01001,32,Male
U01002,27,Male
U01003,20,Male
U01004,32,Female
U01005,16,Male
U01006,20,Male
U01007,29,Male
U01008,30,Female
U01009,31,Female
U01010,50,Female
U01011,28,Female
U01012,39,Female
U01013,27,Female
U01014,28,Male
U01015,22,Male
U01016,27,Female
U01017,26,Female
U01018,27,Male
U01019,22,Male
U01020,32,Female
U01021,34,Female
U01022,28,Female
U01023,34,Male
U01024,23,Female
U01025,26,Female
U01026,25,Female
U01027,25,Male
U01028,16,Male
U01029,26,Male
U01030,23,Female
U01031,23,Male
U01032,27,Female
U01033,27,Female
U01034,16,Male
U01035,31,Male
U01036,38,Male
U01037,36,Female
U01038,18,Male
U01039,37,Female
U01040,32,Male
U01041,32,Male
U01042,39,Male
U01043,26,Male
U01044,25,Male
U01045,26,Female
U01046,27,Other
U01047,35,Male
U01048,23,Male
U01049,36,Female
U01050,30,Male
U01051,31,Female
U01052,27,Male
U01053,23,Female
U01054,41,Male
U01055,38,Male
U01056,26,Male
U01057,30,Male
U01058,21,Male
U01059,22,Female
U01060,33,Male
U01061,27,Female
U01062,31,Male
U01063,16,Female
U01064,35,Male
U01065,23,Female
U01066,29,Male
U01067,29,Male
U01068,19,Female
U01069,42,Female
U01070,32,Male
U01071,33,Male
U01072,25,Male
U01073,32,Male
U01074,18,Male
U01075,40,Male
U01076,22,Male
U01077,25,Male
U01078,19,Male
U01079,20,Male
U01080,18,Other
U01081,31,Male
U01082,16,Male
U01083,48,Male
U01084,20,Male
U01085,48,Female
U01086,16,Male
U01087,23,Male
U01088,31,Male
U01089,34,Male
U01090,35,Female
U01091,22,Male
U01092,31,Female
U01093,30,Male
U01094,29,Male
U01095,26,Male
U01096,34,Female
U01097,39,Male
U01098,28,Female
U01099,28,Male
U01100,36,Female
U01101,36,Female
U01102,39,Female
U01103,25,Male
U01104,21,Female
U01105,20,Male
U01106,30,Female
U01107,31,Male
U01108,34,Male
U01109,26,Female
U01110,22,Male
U01111,32,Female
U01112,31,Female
U01113,23,Male
U01114,37,Female
U01115,18,Male
U01116,31,Female
U01117,26,Male
U01118,22,Male
U01119,31,Female
U01120,30,Male
U01121,36,Female
U01122,30,Male
U01123,16,Male
U01124,23,Female
U01125,30,Other
U01126,33,Male
U01127,30,Female
U01128,23,Male
U01129,27,Male
U01130,21,Female
U01131,24,Male
U01132,36,Male
U01133,24,Male
U01134,35,Male
U01135,28,Female
U01136,23,Male
U01137,32,Female
U01138,28,Male
U01139,27,Female
U01140,19,Female
U01141,25,Female
U01142,37,Other
U01143,26,Female
U01144,22,Male
U01145,35,Male
U01146,22,Male
U01147,16,Female
U01148,32,Male
U01149,30,Male
U01150,26,Female
U01151,39,Female
U01152,33,Male
U01153,33,Female
U01154,38,Male
U01155,23,Female
U01156,21,Female
U01157,28,Male
U01158,27,Female
U01159,22,Female
U01160,20,Male
U01161,30,Male
U01162,27,Female
U01163,31,Female
U01164,16,Male
U01165,28,Female
U01166,40,Female
U01167,23,Male
U01168,39,Male
U01169,18,Female
U01170,18,Female
U01171,19,Female
U01172,33,Female
U01173,29,Other
U01174,23,Female
U01175,32,Male
U01176,22,Female
U01177,17,Female
U01178,32,Male
U01179,23,Other
U01180,35,Male
U01181,39,Female
U01182,16,Female
U01183,22,Male
U01184,45,Male
U01185,29,Female
U01186,26,Female
U01187,33,Male
U01188,29,Female
U01189,32,Female
U01190,41,Female
U01191,19,Male
U01192,32,Female
U01193,36,Male
U01194,21,Male
U01195,33,Male
U01196,28,Female
U01197,22,Female
U01198,30,Female
U01199,33,Male
U01200,26,Male
U01201,16,Female
U01202,16,Female
U01203,26,Female
U01204,25,Male
U01205,25,Male
U01206,38,Male
U01207,20,Male
U01208,32,Female
U01209,27,Male
U01210,40,Female
U01211,25,Male
U01212,23,Male
U01213,32,Female
U01214,22,Male
U01215,32,Female
U01216,42,Male
U01217,37,Female
U01218,29,Female
U01219,45,Male
U01220,31,Male
U01221,31,Male
U01222,28,Male
U01223,21,Male
U01224,29,Male
U01225,21,Male
U01226,32,Female
U01227,43,Female
U01228,37,Male
U01229,30,Male
U01230,27,Male
U01231,28,Male
U01232,31,Female
U01233,32,Female
U01234,19,Male
U01235,20,Female
U01236,26,Male
U01237,31,Male
U01238,24,Other
U01239,32,Male
U01240,34,Male
U01241,19,Male
U01242,16,Male
U01243,25,Male
U01244,31,Female
U01245,34,Female
U01246,33,Other
U01247,30,Male
U01248,21,Female
U01249,29,Male
U01250,18,Male
U01251,23,Male
U01252,39,Female
U01253,28,Male
U01254,27,Male
U01255,27,Male
U01256,31,Female
U01257,38,Female
U01258,23,Male
U01259,30,Male
U01260,17,Male
U01261,33,Female
U01262,44,Male
U01263,35,Male
U01264,31,Other
U01265,20,Male
U01266,32,Male
U01267,29,Female
U01268,18,Male
U01269,48,Male
U01270,24,Male
U01271,28,Male
U01272,36,Male
U01273,26,Male
U01274,31,Female
U01275,36,Male
U01276,31,Female
U01277,32,Female
U01278,32,Female
U01279,23,Male
U01280,32,Male
U01281,21,Male
U01282,31,Female
U01283,16,Female
U01284,17,Female
U01285,35,Other
U01286,34,Female
U01287,33,Male
U01288,39,Male
U01289,36,Female
U01290,26,Male
U01291,35,Male
U01292,27,Male
U01293,19,Male
U01294,23,Male
U01295,31,Male
U01296,28,Male
U01297,31,Other
U01298,37,Male
U01299,21,Female
U01300,16,Female
U01301,22,Female
U01302,23,Female
U01303,41,Female
U01304,35,Male
U01305,26,Male
U01306,31,Male
U01307,29,Male
U01308,34,Female
U01309,32,Female
U01310,31,Male
U01311,31,Male
U01312,25,Female
U01313,35,Male
U01314,26,Female
U01315,41,Male
U01316,27,Male
U01317,30,Male
U01318,31,Male
U01319,26,Female
U01320,44,Female
U01321,28,Male
U01322,30,Female
U01323,19,Female
U01324,44,Male
U01325,24,Male
U01326,20,Female
U01327,20,Male
U01328,35,Male
U01329,24,Male
U01330,20,Female
U01331,21,Male
U01332,19,Male
U01333,25,Male
U01334,24,Female
U01335,28,Female
U01336,22,Male
U01337,21,Male
U01338,25,Male
U01339,22,Male
U01340,21,Male
U01341,33,Male
U01342,36,Female
U01343,43,Male
U01344,28,Female
U01345,30,Male
U01346,32,Male
U01347,20,Female
U01348,24,Male
U01349,23,Female
U01350,27,Female
U01351,31,Male
U01352,28,Female
U01353,28,Male
U01354,35,Female
U01355,31,Female
U01356,32,Male
U01357,33,Female
U01358,37,Male
U01359,42,Male
U01360,31,Male
U01361,21,Female
U01362,30,Male
U01363,20,Male
U01364,27,Female
U01365,16,Female
U01366,22,Female
U01367,28,Male
U01368,28,Female
U01369,31,Female
U01370,20,Male
U01371,31,Male
U01372,43,Female
U01373,35,Male
U01374,30,Male
U01375,41,Female
U01376,21,Female
U01377,41,Male
U01378,43,Male
U01379,27,Female
U01380,18,Male
U01381,26,Male
U01382,31,Female
U01383,18,Female
U01384,33,Male
U01385,34,Male
U01386,21,Female
U01387,32,Female
U01388,29,Male
U01389,36,Male
U01390,44,Female
U01391,28,Female
U01392,28,Female
U01393,16,Female
U01394,33,Female
U01395,23,Other
U01396,35,Female
U01397,27,Female
U01398,18,Male
U01399,22,Male
U01400,16,Male
U01401,32,Male
U01402,16,Male
U01403,35,Male
U01404,23,Female
U01405,27,Female
U01406,27,Male
U01407,23,Female
U01408,16,Male
U01409,33,Male
U01410,21,Female
U01411,29,Female
U01412,18,Female
U01413,25,Male
U01414,33,Male
U01415,31,Male
U01416,32,Female
U01417,41,Male
U01418,33,Male
U01419,22,Male
U01420,33,Female
U01421,25,Female
U01422,29,Female
U01423,38,Male
U01424,24,Male
U01425,33,Female
U01426,38,Female
U01427,28,Female
U01428,26,Male
U01429,18,Other
U01430,38,Male
U01431,37,Male
U01432,42,Female
U01433,23,Female
U01434,34,Male
U01435,24,Male
U01436,27,Female
U01437,31,Male
U01438,38,Male
U01439,16,Male
U01440,29,Male
U01441,21,Female
U01442,31,Female
U01443,30,Male
U01444,26,Male
U01445,17,Male
U01446,25,Female
U01447,33,Female
U01448,33,Male
U01449,44,Male
U01450,32,Male
U01451,35,Female
U01452,24,Male
U01453,37,Female
U01454,29,Female
U01455,26,Female
U01456,30,Male
U01457,32,Other
U01458,35,Male
U01459,42,Male
U01460,21,Female
U01461,36,Male
U01462,25,Female
U01463,16,Female
U01464,35,Male
U01465,35,Male
U01466,37,Female
U01467,22,Other
U01468,29,Male
U01469,16,Male
U01470,36,Female
U01471,37,Male
U01472,37,Male
U01473,28,Female
U01474,29,Male
U01475,35,Female
U01476,26,Female
U01477,36,Female
U01478,25,Female
U01479,26,Male
U01480,32,Male
U01481,23,Male
U01482,29,Male
U01483,39,Male
U01484,17,Female
U01485,32,Male
U01486,33,Male
U01487,47,Female
U01488,21,Male
U01489,27,Male
U01490,36,Female
U01491,33,Male
U01492,29,Male
U01493,33,Female
U01494,23,Male
U01495,17,Female
U01496,24,Male
U01497,39,Male
U01498,21,Female
U01499,18,Male
U01500,32,Female
